ticker,strategy,test_mse,profit,trades,win_rate
MSFT,AR (δ = 0),0.00015795193990257727,24.046142578125,101,0.5841584158415841
MSFT,AR (δ = 0.001),0.00015795193990257727,16.015159606933594,19,0.6842105263157895
MSFT,ARMA (δ = 0),0.000157092181500173,25.800567626953125,91,0.6153846153846154
MSFT,ARMA (δ = 0.001),0.000157092181500173,23.296051025390625,18,0.7777777777777778
MSFT,SARMA (δ = 0),0.00015604824538535003,43.60920715332031,94,0.6808510638297872
MSFT,SARMA (δ = 0.001),0.00015604824538535003,26.410293579101562,27,0.7407407407407407
MSFT,RandomForest (δ = 0),0.0001842334299974609,25.892196655273438,156,0.5833333333333334
MSFT,RandomForest (δ = 0.001),0.0001842334299974609,8.195724487304688,128,0.5546875
MSFT,Momentum,,31.938743591308594,148,0.5945945945945946
MSFT,Random (p = 0.5),,9.810195922851562,113,0.5486725663716814
MSFT,Buy and hold,,54.250938415527344,251,0.5856573705179283
MSFT,Oracle (perfect foresight),,168.95884704589844,147,1.0
TSLA,AR (δ = 0),0.0009751170744451473,6.852683067321777,127,0.5354330708661418
TSLA,AR (δ = 0.001),0.0009751170744451473,-1.4533329010009766,6,0.16666666666666666
TSLA,ARMA (δ = 0),0.000974544878105424,8.264671325683594,126,0.5555555555555556
TSLA,ARMA (δ = 0.001),0.000974544878105424,0.5686664581298828,13,0.46153846153846156
TSLA,SARMA (δ = 0),0.0009813068886002467,2.359325408935547,127,0.5590551181102362
TSLA,SARMA (δ = 0.001),0.0009813068886002467,-3.7293357849121094,57,0.49122807017543857
TSLA,RandomForest (δ = 0),0.001171542526597353,-1.0846633911132812,127,0.5118110236220472
TSLA,RandomForest (δ = 0.001),0.001171542526597353,-2.1239967346191406,113,0.504424778761062
TSLA,Momentum,,-1.7460126876831055,131,0.5038167938931297
TSLA,Random (p = 0.5),,3.154658317565918,113,0.5486725663716814
TSLA,Buy and hold,,5.460000991821289,251,0.5219123505976095
TSLA,Oracle (perfect foresight),,51.31667423248291,131,1.0
